{
  "route1": [
    [30.33545, 77.98513], [30.33510, 77.98566], [30.33458, 77.98639], [30.33445, 77.98645],
    [30.33439, 77.98659], [30.33402, 77.98707], [30.33356, 77.98765], [30.33327, 77.98803],
    [30.33298, 77.98836], [30.33256, 77.98889], [30.33230, 77.98915], [30.33231, 77.98996],
    [30.33236, 77.99126], [30.33240, 77.99235], [30.33247, 77.99332], [30.33245, 77.99559],
    [30.33258, 77.99630], [30.33271, 77.99848], [30.33244, 77.99858], [30.33169, 77.99868],
    [30.33104, 77.99870], [30.33037, 77.99876], [30.32961, 77.99879], [30.32957, 77.99811],
    [30.32911, 77.99766], [30.32870, 77.99768], [30.32865, 77.99698], [30.32863, 77.99632],
    [30.32834, 77.99630], [30.32807, 77.99633], [30.32810, 77.99709], [30.32814, 77.99773],
    [30.32867, 77.99768], [30.32909, 77.99767], [30.32955, 77.99764], [30.32953, 77.99699],
    [30.32952, 77.99664], [30.32951, 77.99631], [30.32953, 77.99603], [30.32926, 77.99594],
    [30.32891, 77.99564], [30.32867, 77.99547], [30.32841, 77.99524], [30.32807, 77.99497],
    [30.32800, 77.99490]
  ],
  "route2": [
    [30.66967, 76.72540], [30.66920, 76.72454], [30.66925, 76.72457], [30.66890, 76.72449],
    [30.66854, 76.72452], [30.66810, 76.72452], [30.66758, 76.72447], [30.66711, 76.72445],
    [30.66695, 76.72448], [30.66694, 76.72481], [30.66687, 76.72541], [30.66687, 76.72605],
    [30.66682, 76.72691], [30.66681, 76.72759], [30.66712, 76.72804], [30.66710, 76.72900],
    [30.66707, 76.72979], [30.66706, 76.73049], [30.66705, 76.73079], [30.66705, 76.73112],
    [30.66713, 76.73117], [30.66708, 76.73127], [30.66734, 76.73169], [30.66754, 76.73153],
    [30.66786, 76.73129], [30.66812, 76.73109], [30.66841, 76.73086], [30.66873, 76.73061],
    [30.66912, 76.73029], [30.66941, 76.73004], [30.66968, 76.72985], [30.66994, 76.72964],
    [30.67018, 76.72949], [30.67043, 76.72931], [30.67075, 76.72907], [30.67098, 76.72906],
    [30.67128, 76.72884], [30.67156, 76.72857], [30.67186, 76.72836], [30.67203, 76.72823],
    [30.67225, 76.72804], [30.67251, 76.72803], [30.67267, 76.72788], [30.67277, 76.72744],
    [30.67283, 76.72713], [30.67265, 76.72714], [30.67249, 76.72688], [30.67233, 76.72663],
    [30.67218, 76.72639], [30.67202, 76.72615], [30.67201, 76.72589], [30.67181, 76.72557],
    [30.67161, 76.72526], [30.67174, 76.72514], [30.67202, 76.72511], [30.67224, 76.72513],
    [30.67252, 76.72513], [30.67284, 76.72515], [30.67337, 76.72518], [30.67390, 76.72518],
    [30.67439, 76.72519], [30.67489, 76.72519], [30.67506, 76.72516], [30.67506, 76.72485],
    [30.67505, 76.72440], [30.67504, 76.72410], [30.67506, 76.72411], [30.67504, 76.72395],
    [30.67479, 76.72393], [30.67457, 76.72393], [30.67452, 76.72390], [30.67453, 76.72340],
    [30.67453, 76.72317], [30.67454, 76.72316], [30.67454, 76.72296], [30.67455, 76.72277],
    [30.67454, 76.72245], [30.67455, 76.72215], [30.67479, 76.72215], [30.67497, 76.72215],
    [30.67506, 76.72216], [30.67510, 76.72207], [30.67533, 76.72208], [30.67565, 76.72209],
    [30.67591, 76.72210], [30.67593, 76.72138], [30.67597, 76.72085], [30.67591, 76.72070],
    [30.67634, 76.72067], [30.67657, 76.72049], [30.67704, 76.72009], [30.67674, 76.71957],
    [30.67634, 76.71901], [30.67590, 76.71821], [30.67543, 76.71746], [30.67501, 76.71689],
    [30.67460, 76.71613], [30.67375, 76.71489], [30.67377, 76.71385], [30.67339, 76.71326],
    [30.67288, 76.71240], [30.67257, 76.71189], [30.67258, 76.71179], [30.67247, 76.71156],
    [30.67248, 76.71126], [30.67218, 76.71075], [30.67196, 76.71036], [30.67165, 76.70983],
    [30.67134, 76.70940], [30.67091, 76.70880], [30.67018, 76.70770], [30.66961, 76.70678],
    [30.66959, 76.70600], [30.66935, 76.70556], [30.66887, 76.70474], [30.66835, 76.70388],
    [30.66751, 76.70267], [30.66699, 76.70181], [30.66660, 76.70183], [30.66624, 76.70122],
    [30.66613, 76.70109], [30.66577, 76.70140], [30.66536, 76.70174], [30.66491, 76.70210],
    [30.66454, 76.70243], [30.66416, 76.70275], [30.66400, 76.70286], [30.66435, 76.70335],
    [30.66460, 76.70376], [30.66480, 76.70406], [30.66507, 76.70440], [30.66555, 76.70440],
    [30.66587, 76.70454], [30.66609, 76.70470], [30.66636, 76.70483], [30.66656, 76.70508],
    [30.66669, 76.70512], [30.66688, 76.70543], [30.66702, 76.70573], [30.66720, 76.70617],
    [30.66733, 76.70666], [30.66743, 76.70709], [30.66746, 76.70741], [30.66747, 76.70778],
    [30.66744, 76.70841], [30.66740, 76.70910], [30.66735, 76.70952], [30.66733, 76.70988],
    [30.66718, 76.71027], [30.66696, 76.71056], [30.66694, 76.71091], [30.66724, 76.71144],
    [30.66739, 76.71194], [30.66768, 76.71247], [30.66809, 76.71295], [30.66843, 76.71325],
    [30.66866, 76.71359], [30.66884, 76.71392], [30.66905, 76.71429], [30.66925, 76.71460],
    [30.66944, 76.71493], [30.66956, 76.71516], [30.66966, 76.71535], [30.66924, 76.71561],
    [30.66878, 76.71598], [30.66838, 76.71638], [30.66793, 76.71675], [30.66792, 76.71749],
    [30.66788, 76.71788], [30.66822, 76.71842], [30.66857, 76.71898], [30.66883, 76.71948],
    [30.66913, 76.71986], [30.66933, 76.72020], [30.66954, 76.72057], [30.66966, 76.72075],
    [30.67009, 76.72040], [30.67024, 76.72054], [30.67039, 76.72057], [30.67100, 76.72061],
    [30.67160, 76.72058], [30.67212, 76.72059], [30.67254, 76.72061], [30.67298, 76.72060],
    [30.67353, 76.72062], [30.67408, 76.72062], [30.67449, 76.72061], [30.67500, 76.72062],
    [30.67537, 76.72065], [30.67536, 76.72123], [30.67537, 76.72171], [30.67536, 76.72219],
    [30.67537, 76.72264], [30.67538, 76.72301], [30.67547, 76.72313], [30.67571, 76.72298],
    [30.67585, 76.72283], [30.67600, 76.72280]
  ]
}
